{
    "0": [
        8,
        15,
        16,
        22,
        27,
        30,
        38,
        49,
        58,
        60,
        61,
        63,
        64,
        66,
        67,
        68,
        69
    ],
    "1": [
        1,
        2,
        3,
        4,
        5,
        6,
        11,
        14,
        20,
        21,
        32,
        34,
        35,
        40
    ],
    "2": [
        7,
        9,
        10,
        17,
        23,
        24,
        25,
        26,
        29,
        33,
        41,
        43,
        47,
        48,
        62,
        71
    ],
    "3": [
        12,
        19,
        28,
        31,
        36,
        44,
        45,
        65,
        70
    ],
    "4": [
        13,
        18,
        37,
        39,
        42,
        46,
        50,
        51,
        52,
        53,
        54,
        55,
        56,
        57,
        59
    ]
}